,data_transacao,transaction_count,total_transaction_value,average_transaction_value
0,2010-02-28 00:00:00+00:00,2,116.01000000000002,58.00500000000001
1,2010-03-31 00:00:00+00:00,8,1566.96,195.87
2,2010-04-30 00:00:00+00:00,0,0.0,
3,2010-05-31 00:00:00+00:00,2,15.060000000000002,7.530000000000001
4,2010-06-30 00:00:00+00:00,6,9869.880000000001,1644.9800000000002
5,2010-07-31 00:00:00+00:00,6,270.3399999999999,45.05666666666665
6,2010-08-31 00:00:00+00:00,9,10.680000000000007,1.1866666666666674
7,2010-09-30 00:00:00+00:00,20,17129.600000000002,856.4800000000001
8,2010-10-31 00:00:00+00:00,16,-484.88,-30.305
9,2010-11-30 00:00:00+00:00,2,223.62,111.81
10,2010-12-31 00:00:00+00:00,22,-50.76999999999994,-2.30772727272727
11,2011-01-31 00:00:00+00:00,21,25317.47,1205.5938095238096
12,2011-02-28 00:00:00+00:00,8,2118.54,264.8175
13,2011-03-31 00:00:00+00:00,21,92.28999999999996,4.394761904761903
14,2011-04-30 00:00:00+00:00,13,4934.55,379.58076923076925
15,2011-05-31 00:00:00+00:00,38,18156.699999999997,477.807894736842
16,2011-06-30 00:00:00+00:00,40,3325.9,83.14750000000001
17,2011-07-31 00:00:00+00:00,49,19872.8,405.5673469387755
18,2011-08-31 00:00:00+00:00,42,199160.4,4741.914285714285
19,2011-09-30 00:00:00+00:00,41,2136.6099999999997,52.112439024390234
20,2011-10-31 00:00:00+00:00,39,-3956.07,-101.43769230769232
21,2011-11-30 00:00:00+00:00,31,131012.29000000001,4226.202903225807
22,2011-12-31 00:00:00+00:00,24,14063.61,585.98375
23,2012-01-31 00:00:00+00:00,33,24433.969999999998,740.4233333333333
24,2012-02-29 00:00:00+00:00,32,-6841.54,-213.798125
25,2012-03-31 00:00:00+00:00,65,67078.88,1031.9827692307692
26,2012-04-30 00:00:00+00:00,88,222137.38,2524.288409090909
27,2012-05-31 00:00:00+00:00,75,51765.01,690.2001333333334
28,2012-06-30 00:00:00+00:00,57,145.20999999999978,2.547543859649119
29,2012-07-31 00:00:00+00:00,65,246588.91999999998,3793.675692307692
30,2012-08-31 00:00:00+00:00,41,-2098.61,-51.18560975609756
31,2012-09-30 00:00:00+00:00,47,73862.55,1571.5436170212768
32,2012-10-31 00:00:00+00:00,62,-81455.85,-1313.8040322580646
33,2012-11-30 00:00:00+00:00,73,109660.33,1502.196301369863
34,2012-12-31 00:00:00+00:00,96,18658.14,194.355625
35,2013-01-31 00:00:00+00:00,103,8239.380000000001,79.99398058252429
36,2013-02-28 00:00:00+00:00,80,57997.6,724.97
37,2013-03-31 00:00:00+00:00,93,135398.38,1455.896559139785
38,2013-04-30 00:00:00+00:00,84,141742.53,1687.4110714285714
39,2013-05-31 00:00:00+00:00,102,96136.86,942.5182352941176
40,2013-06-30 00:00:00+00:00,137,-11529.13,-84.15423357664233
41,2013-07-31 00:00:00+00:00,88,9812.18,111.50204545454545
42,2013-08-31 00:00:00+00:00,101,-3256.9299999999994,-32.24683168316831
43,2013-09-30 00:00:00+00:00,80,54782.41,684.780125
44,2013-10-31 00:00:00+00:00,90,188264.31,2091.8256666666666
45,2013-11-30 00:00:00+00:00,127,29183.75,229.79330708661416
46,2013-12-31 00:00:00+00:00,164,143889.81,877.3768902439024
47,2014-01-31 00:00:00+00:00,134,213869.0,1596.0373134328358
48,2014-02-28 00:00:00+00:00,83,-2422.0,-29.180722891566266
49,2014-03-31 00:00:00+00:00,130,78366.52,602.8193846153846
50,2014-04-30 00:00:00+00:00,122,56778.87,465.4005737704918
51,2014-05-31 00:00:00+00:00,154,60022.9,389.7590909090909
52,2014-06-30 00:00:00+00:00,134,67158.59,501.1835074626865
53,2014-07-31 00:00:00+00:00,108,372191.32,3446.215925925926
54,2014-08-31 00:00:00+00:00,120,64525.200000000004,537.71
55,2014-09-30 00:00:00+00:00,149,75683.78,507.9448322147651
56,2014-10-31 00:00:00+00:00,127,117289.6,923.540157480315
57,2014-11-30 00:00:00+00:00,117,2777.6599999999994,23.740683760683755
58,2014-12-31 00:00:00+00:00,125,-38359.52,-306.87615999999997
59,2015-01-31 00:00:00+00:00,137,18102.4,132.13430656934307
60,2015-02-28 00:00:00+00:00,94,58497.83,622.3173404255319
61,2015-03-31 00:00:00+00:00,142,80682.72,568.1881690140846
62,2015-04-30 00:00:00+00:00,197,77033.92,391.0351269035533
63,2015-05-31 00:00:00+00:00,117,103876.72,887.8352136752137
64,2015-06-30 00:00:00+00:00,175,183285.37,1047.3449714285714
65,2015-07-31 00:00:00+00:00,162,124244.58,766.9418518518519
66,2015-08-31 00:00:00+00:00,199,130197.0,654.2562814070352
67,2015-09-30 00:00:00+00:00,129,10245.65,79.4236434108527
68,2015-10-31 00:00:00+00:00,178,26680.829999999998,149.8923033707865
69,2015-11-30 00:00:00+00:00,171,124094.32,725.6977777777778
70,2015-12-31 00:00:00+00:00,196,113183.56,577.4671428571428
71,2016-01-31 00:00:00+00:00,218,158433.92,726.7611009174312
72,2016-02-29 00:00:00+00:00,193,-4622.04,-23.94839378238342
73,2016-03-31 00:00:00+00:00,205,-4711.200000000004,-22.981463414634167
74,2016-04-30 00:00:00+00:00,167,47879.85,286.7056886227545
75,2016-05-31 00:00:00+00:00,211,13982.369999999999,66.26715639810426
76,2016-06-30 00:00:00+00:00,190,50039.380000000005,263.36515789473685
77,2016-07-31 00:00:00+00:00,269,78663.8,292.43048327137546
78,2016-08-31 00:00:00+00:00,256,216345.79,845.1007421875
79,2016-09-30 00:00:00+00:00,235,134472.3,572.2225531914893
80,2016-10-31 00:00:00+00:00,236,86624.79999999999,367.05423728813554
81,2016-11-30 00:00:00+00:00,251,39611.47,157.81462151394422
82,2016-12-31 00:00:00+00:00,173,123966.76000000001,716.5708670520232
83,2017-01-31 00:00:00+00:00,278,176700.98,635.615035971223
84,2017-02-28 00:00:00+00:00,219,197771.83000000002,903.0677168949773
85,2017-03-31 00:00:00+00:00,308,214059.71000000002,694.9990584415585
86,2017-04-30 00:00:00+00:00,289,415164.0,1436.5536332179931
87,2017-05-31 00:00:00+00:00,329,135187.91,410.90550151975685
88,2017-06-30 00:00:00+00:00,301,185929.89,617.7072757475083
89,2017-07-31 00:00:00+00:00,257,158054.03,614.9962256809339
90,2017-08-31 00:00:00+00:00,312,-2163.880000000002,-6.935512820512827
91,2017-09-30 00:00:00+00:00,334,540809.5700000001,1619.1903293413175
92,2017-10-31 00:00:00+00:00,345,210967.36,611.4995942028985
93,2017-11-30 00:00:00+00:00,349,254793.55000000002,730.0674785100286
94,2017-12-31 00:00:00+00:00,233,178546.78,766.2951931330472
95,2018-01-31 00:00:00+00:00,279,171871.53999999998,616.0270250896057
96,2018-02-28 00:00:00+00:00,270,75396.63,279.2467777777778
97,2018-03-31 00:00:00+00:00,400,197733.08,494.3327
98,2018-04-30 00:00:00+00:00,303,162640.09,536.7659735973597
99,2018-05-31 00:00:00+00:00,365,287727.56,788.2946849315068
100,2018-06-30 00:00:00+00:00,346,156797.16,453.17098265895953
101,2018-07-31 00:00:00+00:00,378,139592.42,369.29211640211645
102,2018-08-31 00:00:00+00:00,308,233172.05,757.0521103896103
103,2018-09-30 00:00:00+00:00,262,359584.77,1372.4609541984732
104,2018-10-31 00:00:00+00:00,287,23560.719999999998,82.09310104529615
105,2018-11-30 00:00:00+00:00,370,367413.86,993.0104324324324
106,2018-12-31 00:00:00+00:00,377,316682.07,840.0054907161804
107,2019-01-31 00:00:00+00:00,433,349961.83,808.225935334873
108,2019-02-28 00:00:00+00:00,453,131094.66,289.3921854304636
109,2019-03-31 00:00:00+00:00,436,150041.14,344.1310550458716
110,2019-04-30 00:00:00+00:00,361,634176.63,1756.7219667590027
111,2019-05-31 00:00:00+00:00,440,81516.03,185.26370454545454
112,2019-06-30 00:00:00+00:00,490,328077.52999999997,669.5459795918367
113,2019-07-31 00:00:00+00:00,552,118079.15,213.9115036231884
114,2019-08-31 00:00:00+00:00,474,611690.75,1290.4868143459917
115,2019-09-30 00:00:00+00:00,469,318370.65,678.8286780383796
116,2019-10-31 00:00:00+00:00,456,94094.45,206.34747807017544
117,2019-11-30 00:00:00+00:00,430,398914.26,927.7075813953488
118,2019-12-31 00:00:00+00:00,434,113149.6,260.71336405529956
119,2020-01-31 00:00:00+00:00,506,702306.55,1387.9576086956522
120,2020-02-29 00:00:00+00:00,386,132234.28,342.5758549222798
121,2020-03-31 00:00:00+00:00,464,136288.31,293.72480603448275
122,2020-04-30 00:00:00+00:00,437,112380.38,257.1633409610984
123,2020-05-31 00:00:00+00:00,359,95188.91,265.1501671309192
124,2020-06-30 00:00:00+00:00,492,70295.31999999999,142.87666666666667
125,2020-07-31 00:00:00+00:00,498,168355.5,338.06325301204816
126,2020-08-31 00:00:00+00:00,509,233165.65000000002,458.0857563850688
127,2020-09-30 00:00:00+00:00,456,849155.15,1862.1823464912281
128,2020-10-31 00:00:00+00:00,602,570339.28,947.4074418604652
129,2020-11-30 00:00:00+00:00,534,295084.79,552.5932397003745
130,2020-12-31 00:00:00+00:00,540,31660.789999999994,58.63109259259258
131,2021-01-31 00:00:00+00:00,569,166774.18,293.1004920913884
132,2021-02-28 00:00:00+00:00,515,-21850.040000000005,-42.42726213592234
133,2021-03-31 00:00:00+00:00,626,283576.47000000003,452.99755591054316
134,2021-04-30 00:00:00+00:00,646,37253.9,57.66857585139319
135,2021-05-31 00:00:00+00:00,653,83183.41,127.38653905053599
136,2021-06-30 00:00:00+00:00,647,-39333.42,-60.79353941267388
137,2021-07-31 00:00:00+00:00,633,33292.119999999995,52.594186413902044
138,2021-08-31 00:00:00+00:00,620,36486.11,58.84856451612903
139,2021-09-30 00:00:00+00:00,672,94543.51,140.6897470238095
140,2021-10-31 00:00:00+00:00,693,135931.88,196.149898989899
141,2021-11-30 00:00:00+00:00,717,128061.22,178.60700139470015
142,2021-12-31 00:00:00+00:00,786,40059.89,50.96678117048346
143,2022-01-31 00:00:00+00:00,770,455618.96,591.7129350649351
144,2022-02-28 00:00:00+00:00,625,76597.39,122.555824
145,2022-03-31 00:00:00+00:00,915,100625.23,109.97292896174864
146,2022-04-30 00:00:00+00:00,791,100088.54000000001,126.53418457648547
147,2022-05-31 00:00:00+00:00,826,236994.96,286.91883777239707
148,2022-06-30 00:00:00+00:00,807,-10834.609999999999,-13.425786864931846
149,2022-07-31 00:00:00+00:00,925,205788.73,222.47430270270272
150,2022-08-31 00:00:00+00:00,1085,318021.22000000003,293.1071152073733
151,2022-09-30 00:00:00+00:00,1230,413649.09,336.3000731707317
152,2022-10-31 00:00:00+00:00,1372,97435.74000000002,71.0173032069971
153,2022-11-30 00:00:00+00:00,1841,921909.1,500.76539923954374
154,2022-12-31 00:00:00+00:00,25319,4792582.69,189.28799281172243
155,2023-01-31 00:00:00+00:00,559,57191.71000000001,102.31075134168158
